"Timestamp","Date","Observer","plot #","burned/unburned","Depth","Pot #","Species","Count"
"2016/12/31 3:00:40 PM CST","2016-12-31","adam(test)","06","Burned","","1","brte","4"
"2016/12/31 3:03:24 PM CST","2016-12-31","adam(test)","10","Burned","","1","artrw8","3"
"2017/01/06 2:23:59 PM CST","2017-01-06","adam","14","Unburned","Top 2","1","btre","102"
"2017/01/06 2:53:34 PM CST","2017-01-06","adam","02","Unburned","Top 2","1","brte","49"
"2017/01/06 3:35:40 PM CST","2017-01-06","adam","04","Unburned","Top 2","2","brte","102"
"2017/01/06 6:21:35 PM CST","2017-01-06","adam","04","Burned","Top 2","2","brte","12"
"2017/01/06 6:23:12 PM CST","2017-01-06","adam","10","Unburned","Top 2","2","brte","9"
"2017/01/06 6:25:00 PM CST","2017-01-06","adam","01","Unburned","Bottom 4","1","brte","45"
"2017/01/06 6:26:12 PM CST","2017-01-06","adam","13","Unburned","Bottom 4","1","brte","9"
"2017/01/06 6:27:54 PM CST","2017-01-06","adam","04","Unburned","Bottom 4","1","brte","39"
"2017/01/06 6:29:00 PM CST","2017-01-06","adam","12","Unburned","Bottom 4","2","brte","18"
"2017/01/06 6:30:02 PM CST","2017-01-06","adam","05","Unburned","Top 2","1","brte","176"
"2017/01/06 8:55:46 PM CST","2017-01-06","Hakim Mamash","04","Unburned","Top 2","1","BRTE","211"
"2017/01/06 8:57:07 PM CST","2017-01-06","Hakim Mamash","14","Unburned","Bottom 4","3","BRTE","18"
"2017/01/07 6:08:51 PM CST","2017-01-07","adam","09","Unburned","Top 2","1","brte","3"
"2017/01/07 6:09:31 PM CST","2017-01-07","adam","09","Unburned","Top 2","1","pose","1"
"2017/01/07 6:42:19 PM CST","2017-01-07","adam","03","Unburned","Top 2","1","brte","32"
"2017/01/07 6:43:25 PM CST","2017-01-07","adam","09","Unburned","Top 2","2","brte","5"
"2017/01/07 6:44:33 PM CST","2017-01-07","adam","03","Unburned","Top 2","2","brte","8"
"2017/01/07 6:45:45 PM CST","2017-01-07","adam","12","Unburned","Top 2","2","brte","50"
"2017/01/07 6:52:12 PM CST","2017-01-07","adam","01","Burned","Top 2","1","brte","26"
"2017/01/07 6:53:39 PM CST","2017-01-07","adam","01","Burned","Top 2","1","pose","4"
"2017/01/07 6:55:31 PM CST","2017-01-07","adam","07","Unburned","Top 2","1","brte","6"
"2017/01/07 6:56:50 PM CST","2017-01-07","adam","07","Unburned","Top 2","1","pose","3"
"2017/01/07 7:02:42 PM CST","2017-01-07","adam","14","Unburned","Top 2","1","brte","26"
"2017/01/07 7:03:35 PM CST","2017-01-07","adam","14","Unburned","Top 2","1","pose","2"
"2017/01/07 7:34:59 PM CST","2017-01-07","adam","12","Burned","Top 2","1","brte","3"
"2017/01/07 7:35:45 PM CST","2017-01-07","adam","10","Burned","Top 2","2","brte","2"
"2017/01/07 7:36:09 PM CST","2017-01-07","adam","10","Burned","Top 2","2","pose","3"
"2017/01/07 7:36:48 PM CST","2017-01-07","adam","10","Burned","Top 2","1","brte","1"
"2017/01/07 7:37:14 PM CST","2017-01-07","adam","10","Burned","Top 2","1","pose","6"
"2017/01/07 7:38:33 PM CST","2017-01-07","adam","12","Unburned","Top 2","1","brte","47"
"2017/01/07 7:39:39 PM CST","2017-01-07","adam","12","Unburned","Top 2","1","pose","1"
"2017/01/07 7:40:12 PM CST","2017-01-07","adam","08","Unburned","Top 2","1","brte","17"
"2017/01/07 7:41:04 PM CST","2017-01-07","adam","08","Unburned","Top 2","1","pose","12"
"2017/01/07 7:41:36 PM CST","2017-01-07","adam","02","Unburned","Top 2","1","brte","14"
"2017/01/07 7:42:14 PM CST","2017-01-07","adam","01","Unburned","Bottom 4","3","brte","6"
"2017/01/07 7:42:47 PM CST","2017-01-07","adam","12","Unburned","Bottom 4","1","brte","8"
"2017/01/07 7:43:17 PM CST","2017-01-07","adam","12","Unburned","Bottom 4","1","pose","3"
"2017/01/07 7:44:18 PM CST","2017-01-07","adam","14","Burned","Top 2","1","brte","18"
"2017/01/07 7:44:52 PM CST","2017-01-07","adam","01","Unburned","Top 2","2","brte","50"
"2017/01/07 7:45:31 PM CST","2017-01-07","adam","13","Unburned","Top 2","2","brte","51"
"2017/01/07 7:46:05 PM CST","2017-01-07","adam","13","Unburned","Top 2","1","brte","26"
"2017/01/07 7:46:40 PM CST","2017-01-07","adam","01","Unburned","Top 2","1","brte","68"
"2017/01/07 7:47:06 PM CST","2017-01-07","adam","01","Unburned","Top 2","1","pose","1"
"2017/01/07 7:47:44 PM CST","2017-01-07","adam","14","Unburned","Bottom 4","2","brte","14"
"2017/01/07 7:48:15 PM CST","2017-01-07","adam","09","Burned","Top 2","1","brte","10"
"2017/01/07 7:48:54 PM CST","2017-01-07","adam","13","Unburned","Bottom 4","2","brte","7"
"2017/01/07 7:49:27 PM CST","2017-01-07","adam","10","Unburned","Top 2","1","brte","15"
"2017/01/07 7:49:57 PM CST","2017-01-07","adam","10","Unburned","Top 2","1","pose","122"
"2017/01/07 7:50:31 PM CST","2017-01-07","adam","05","Unburned","Bottom 4","1","brte","41"
"2017/01/07 7:50:59 PM CST","2017-01-07","adam","01","Burned","Bottom 4","2","brte","3"
"2017/01/07 7:51:36 PM CST","2017-01-07","adam","05","Unburned","Bottom 4","2","brte","8"
"2017/01/07 7:52:08 PM CST","2017-01-07","adam","08","Unburned","Top 2","2","brte","9"
"2017/01/07 7:52:33 PM CST","2017-01-07","adam","08","Unburned","Top 2","2","pose","13"
"2017/01/07 7:53:29 PM CST","2017-01-07","adam","04","Unburned","Top 2","2","brte","22"
"2017/01/07 7:53:54 PM CST","2017-01-07","adam","04","Unburned","Top 2","2","pose","5"
"2017/01/07 7:54:32 PM CST","2017-01-07","adam","04","Unburned","Bottom 4","1","pose","6"
"2017/01/07 7:54:59 PM CST","2017-01-07","adam","04","Unburned","Bottom 4","1","brte","3"
"2017/01/07 7:56:22 PM CST","2017-01-07","adam","02","Burned","Top 2","1","brte","10"
"2017/01/07 7:57:28 PM CST","2017-01-07","adam","04","Burned","Top 2","2","brte","5"
"2017/01/07 7:58:02 PM CST","2017-01-07","adam","04","Burned","Top 2","1","brte","5"
"2017/01/07 7:58:48 PM CST","2017-01-07","adam","01","Unburned","Bottom 4","4","brte","1"
"2017/01/07 7:59:19 PM CST","2017-01-07","adam","02","Burned","Bottom 4","3","brte","1"
"2017/01/07 7:59:49 PM CST","2017-01-07","adam","01","Unburned","Bottom 4","2","brte","4"
"2017/01/07 8:00:15 PM CST","2017-01-07","adam","01","Unburned","Bottom 4","2","pose","1"
"2017/01/07 8:02:04 PM CST","2017-01-07","adam","05","Burned","Bottom 4","2","brte","4"
"2017/01/08 8:41:46 PM CST","2017-01-07","Hakim Mamash","12","Unburned","Top 2","3","BRTE","47"
"2017/01/08 8:42:43 PM CST","2017-01-07","Hakim Mamash","12","Unburned","Top 2","3","POSE","4"
"2017/01/08 8:44:31 PM CST","2017-01-07","Hakim Mamash","10","Unburned","Top 2","2","POSE","130"
"2017/01/08 8:45:29 PM CST","2017-01-07","Hakim Mamash","10","Unburned","Top 2","2","BRTE","1"
"2017/01/08 8:46:53 PM CST","2017-01-07","Hakim Mamash","03","Unburned","Bottom 4","2","BRTE","9"
"2017/01/08 8:48:08 PM CST","2017-01-07","Hakim Mamash","02","Unburned","Bottom 4","3","BRTE","6"
"2017/01/08 8:53:17 PM CST","2017-01-07","Hakim Mamash","02","Burned","Bottom 4","1","BRTE","1"
"2017/01/08 8:54:20 PM CST","2017-01-07","Hakim Mamash","03","Burned","Top 2","2","BRTE","3"
"2017/01/08 8:55:31 PM CST","2017-01-07","Hakim Mamash","04","Unburned","Top 2","1","BRTE","46"
"2017/01/08 8:56:44 PM CST","2017-01-07","Hakim Mamash","04","Unburned","Top 2","1","POSE","10"
"2017/01/08 8:57:41 PM CST","2017-01-07","Hakim Mamash","12","Unburned","Bottom 4","2","POSE","2"
"2017/01/08 8:59:02 PM CST","2017-01-07","Hakim Mamash","12","Unburned","Bottom 4","2","BRTE","3"
"2017/01/08 8:59:53 PM CST","2017-01-07","Hakim Mamash","03","Unburned","Bottom 4","3","BRTE","10"
"2017/01/08 9:00:50 PM CST","2017-01-07","Hakim Mamash","02","Unburned","Bottom 4","2","BRTE","4"
"2017/01/08 9:02:06 PM CST","2017-01-07","Hakim Mamash","05","Unburned","Top 2","1","BRTE","32"
"2017/01/08 9:03:21 PM CST","2017-01-07","Hakim Mamash","02","Unburned","Bottom 4","4","BRTE","6"
"2017/01/08 9:04:21 PM CST","2017-01-08","Hakim Mamash","12","Burned","Top 2","2","BRTE","2"
"2017/01/08 9:05:15 PM CST","2017-01-08","Hakim Mamash","12","Burned","Top 2","2","POSE","1"
"2017/01/08 9:06:47 PM CST","2017-01-08","Hakim Mamash","07","Unburned","Top 2","2","POSE","92"
"2017/01/08 9:07:34 PM CST","2017-01-08","Hakim Mamash","13","Burned","Top 2","1","BRTE","1"
"2017/01/08 9:08:28 PM CST","2017-01-08","Hakim Mamash","13","Burned","Top 2","1","POSE","1"
"2017/01/08 9:09:37 PM CST","2017-01-08","Hakim Mamash","12","Unburned","Top 2","2","BRTE","16"
"2017/01/08 9:10:50 PM CST","2017-01-08","Hakim Mamash","12","Unburned","Top 2","2","POSE","2"
"2017/01/08 10:14:52 PM CST","2017-01-08","adam","03","Unburned","Top 2","1","brte","1"
"2017/01/08 10:15:21 PM CST","2017-01-08","adam","03","Unburned","Top 2","1","pose","1"
"2017/01/08 10:16:21 PM CST","2017-01-08","adam","05","Unburned","Bottom 4","2","brte","1"
"2017/01/08 10:16:51 PM CST","2017-01-08","adam","07","Unburned","Bottom 4","2","brte","2"
"2017/01/08 10:17:28 PM CST","2017-01-08","adam","07","Unburned","Bottom 4","2","pose","17"
"2017/01/08 10:18:09 PM CST","2017-01-08","adam","12","Burned","Bottom 4","1","pose","1"
"2017/01/08 10:18:43 PM CST","2017-01-08","adam","13","Unburned","Top 2","2","brte","15"
"2017/01/08 10:19:37 PM CST","2017-01-08","adam","13","Unburned","Top 2","2","pose","26"
"2017/01/08 10:20:08 PM CST","2017-01-08","adam","14","Unburned","Top 2","1","brte","25"
"2017/01/08 10:20:39 PM CST","2017-01-08","adam","14","Unburned","Top 2","1","pose","13"
"2017/01/08 10:21:33 PM CST","2017-01-08","adam","14","Unburned","Bottom 4","3","brte","6"
"2017/01/08 10:21:51 PM CST","2017-01-08","adam","14","Unburned","Bottom 4","3","pose","3"
"2017/01/08 10:22:28 PM CST","2017-01-08","adam","07","Unburned","Top 2","1","pose","37"
"2017/01/08 10:23:10 PM CST","2017-01-08","adam","07","Unburned","Top 2","1","brte","5"
"2017/01/08 10:23:43 PM CST","2017-01-08","adam","08","Unburned","Bottom 4","3","pose","3"
"2017/01/08 10:24:14 PM CST","2017-01-08","adam","14","Burned","Bottom 4","1","pose","11"
"2017/01/08 10:24:54 PM CST","2017-01-08","adam","14","Burned","Bottom 4","1","brte","8"
"2017/01/08 10:25:25 PM CST","2017-01-08","adam","14","Burned","Top 2","1","pose","16"
"2017/01/08 10:25:50 PM CST","2017-01-08","adam","14","Burned","Top 2","1","brte","9"
"2017/01/08 10:26:18 PM CST","2017-01-08","adam","05","Unburned","Top 2","1","brte","36"
"2017/01/08 10:26:57 PM CST","2017-01-08","adam","05","Unburned","Top 2","1","pose","1"
"2017/01/08 10:28:09 PM CST","2017-01-08","adam","04","Burned","Bottom 4","1","brte","2"
"2017/01/08 10:28:37 PM CST","2017-01-08","adam","13","Burned","Bottom 4","2","brte","3"
"2017/01/08 10:29:03 PM CST","2017-01-08","adam","13","Burned","Bottom 4","2","pose","3"
"2017/01/08 10:29:38 PM CST","2017-01-08","adam","09","Burned","Bottom 4","2","pose","2"
"2017/01/08 10:30:07 PM CST","2017-01-08","adam","09","Burned","Bottom 4","1","brte","2"
"2017/01/08 10:30:42 PM CST","2017-01-08","adam","04","Burned","Bottom 4","2","brte","1"
"2017/01/08 10:32:18 PM CST","2017-01-08","adam","01","Burned","Bottom 4","3","brte","2"
"2017/01/08 10:33:53 PM CST","2017-01-08","adam","10","Burned","Top 2","2","brte","1"
"2017/01/08 10:34:20 PM CST","2017-01-08","adam","10","Burned","Top 2","2","pose","3"
"2017/01/08 10:34:55 PM CST","2017-01-08","adam","03","Unburned","Bottom 4","1","brte","1"
"2017/01/08 10:35:25 PM CST","2017-01-08","adam","01","Burned","Top 2","1","brte","5"
"2017/01/08 10:36:11 PM CST","2017-01-08","adam","03","Burned","Bottom 4","1","brte","1"
"2017/01/08 10:36:39 PM CST","2017-01-08","adam","06","Burned","Top 2","1","pose","1"
"2017/01/08 10:37:18 PM CST","2017-01-08","adam","09","Unburned","Bottom 4","1","brte","3"
"2017/01/08 10:37:47 PM CST","2017-01-08","adam","09","Unburned","Bottom 4","1","pose","4"
"2017/01/08 10:39:13 PM CST","2017-01-08","adam","03","Unburned","Bottom 4","2","brte","1"
"2017/01/08 10:39:44 PM CST","2017-01-08","adam","06","Unburned","Top 2","1","brte","4"
"2017/01/08 10:40:15 PM CST","2017-01-08","adam","06","Unburned","Top 2","1","pose","36"
"2017/01/08 10:40:48 PM CST","2017-01-08","adam","02","Unburned","Bottom 4","2","brte","1"
"2017/01/08 10:41:16 PM CST","2017-01-08","adam","08","Unburned","Bottom 4","2","pose","2"
"2017/01/08 10:42:06 PM CST","2017-01-08","adam","13","Unburned","Top 2","1","pose","24"
"2017/01/08 10:42:33 PM CST","2017-01-08","adam","13","Unburned","Top 2","1","brte","12"
"2017/01/08 10:43:01 PM CST","2017-01-08","adam","13","Unburned","Top 2","1","unknown monocot","1"
"2017/01/08 10:43:42 PM CST","2017-01-08","adam","14","Burned","Bottom 4","1","pose","8"
"2017/01/08 10:44:16 PM CST","2017-01-08","adam","14","Burned","Bottom 4","1","allium sp","1"
"2017/01/08 10:44:46 PM CST","2017-01-08","adam","11","Unburned","Top 2","1","brte","6"
"2017/01/08 10:45:13 PM CST","2017-01-08","adam","11","Unburned","Top 2","1","pose","23"
"2017/01/08 10:45:44 PM CST","2017-01-08","adam","08","Unburned","Bottom 4","4","brte","1"
"2017/01/08 10:46:37 PM CST","2017-01-08","adam","09","Burned","Top 2","1","pose","16"
"2017/01/08 10:47:03 PM CST","2017-01-08","adam","09","Burned","Top 2","1","brte","1"
"2017/01/08 10:47:31 PM CST","2017-01-08","adam","09","Unburned","Top 2","2","pose","10"
"2017/01/08 11:05:14 PM CST","2017-01-08","adam","07","Unburned","Bottom 4","1","brte","3"
"2017/01/08 11:05:45 PM CST","2017-01-08","adam","07","Unburned","Bottom 4","1","pose","18"
"2017/01/08 11:06:16 PM CST","2017-01-08","adam","10","Unburned","Bottom 4","1","brte","5"
"2017/01/08 11:07:03 PM CST","2017-01-08","adam","10","Unburned","Bottom 4","1","pose","30"
"2017/01/08 11:07:44 PM CST","2017-01-08","adam","02","Unburned","Bottom 4","1","brte","8"
"2017/01/08 11:08:13 PM CST","2017-01-08","adam","11","Unburned","Top 2","2","pose","31"
"2017/01/08 11:08:44 PM CST","2017-01-08","adam","11","Unburned","Top 2","2","brte","2"
"2017/01/08 11:09:19 PM CST","2017-01-08","adam","04","Unburned","Bottom 4","2","brte","2"
"2017/01/08 11:12:19 PM CST","2017-01-08","adam","04","Unburned","Bottom 4","2","pose","2"
"2017/01/08 11:12:54 PM CST","2017-01-08","adam","06","Unburned","Bottom 4","3","pose","3"
"2017/01/08 11:13:37 PM CST","2017-01-08","adam","06","Unburned","Bottom 4","1","pose","2"
"2017/01/08 11:14:15 PM CST","2017-01-08","adam","14","Unburned","Bottom 4","1","brte","1"
"2017/01/08 11:14:43 PM CST","2017-01-08","adam","14","Unburned","Bottom 4","1","pose","1"
"2017/01/08 11:15:19 PM CST","2017-01-08","adam","10","Unburned","Bottom 4","2","brte","1"
"2017/01/08 11:16:02 PM CST","2017-01-08","adam","10","Unburned","Bottom 4","2","pose","3"
"2017/01/08 11:16:34 PM CST","2017-01-08","adam","08","Unburned","Bottom 4","1","brte","5"
"2017/01/08 11:17:04 PM CST","2017-01-08","adam","08","Unburned","Bottom 4","1","pose","3"
"2017/01/08 11:17:37 PM CST","2017-01-08","adam","04","Unburned","Bottom 4","3","brte","1"
"2017/01/08 11:18:18 PM CST","2017-01-08","adam","04","Unburned","Bottom 4","3","pose","1"
"2017/01/08 11:18:57 PM CST","2017-01-08","adam","13","Burned","Top 2","2","brte","6"
"2017/01/08 11:19:30 PM CST","2017-01-08","adam","13","Burned","Top 2","2","pose","1"
"2017/01/08 11:20:24 PM CST","2017-01-08","adam","11","Unburned","Bottom 4","2","pose","19"
"2017/01/08 11:20:59 PM CST","2017-01-08","adam","05","Burned","Top 2","1","brte","1"
"2017/01/08 11:21:35 PM CST","2017-01-08","adam","11","Burned","Bottom 4","1","pose","1"
"2017/01/08 11:22:28 PM CST","2017-01-08","adam","09","Unburned","Bottom 4","2","brte","1"
"2017/01/08 11:23:06 PM CST","2017-01-08","adam","05","Unburned","Top 2","2","brte","70"
"2017/01/08 11:23:43 PM CST","2017-01-08","adam","14","Unburned","Bottom 4","4","brte","5"
"2017/01/08 11:24:11 PM CST","2017-01-08","adam","14","Unburned","Bottom 4","4","pose","1"
"2017/01/08 11:36:17 PM CST","2017-01-07","Hakim Mamash","11","Burned","Top 2","2","BRTE","2"
"2017/01/09 5:04:43 PM CST","2017-01-09","adam","02","Unburned","Top 2","1","brte","9"
"2017/01/09 5:05:13 PM CST","2017-01-09","adam","02","Unburned","Top 2","1","pose","3"
"2017/01/09 5:05:41 PM CST","2017-01-09","adam","09","Burned","Top 2","1","pose","1"
"2017/01/09 5:06:15 PM CST","2017-01-09","adam","06","Unburned","Top 2","1","pose","12"
"2017/01/09 5:06:48 PM CST","2017-01-09","adam","01","Unburned","Bottom 4","1","brte","5"
"2017/01/09 5:07:17 PM CST","2017-01-09","adam","01","Unburned","Bottom 4","1","pose","4"
"2017/01/09 5:07:46 PM CST","2017-01-09","adam","02","Unburned","Bottom 4","4","brte","1"
"2017/01/09 5:08:14 PM CST","2017-01-09","adam","05","Unburned","Bottom 4","1","brte","10"
"2017/01/09 5:08:43 PM CST","2017-01-09","adam","05","Unburned","Bottom 4","1","pose","2"
"2017/01/09 5:09:21 PM CST","2017-01-09","adam","08","Unburned","Top 2","1","pose","27"
"2017/01/09 5:09:49 PM CST","2017-01-09","adam","08","Unburned","Top 2","1","brte","2"
"2017/01/09 5:10:14 PM CST","2017-01-09","adam","13","Unburned","Bottom 4","1","brte","1"
"2017/01/09 5:10:49 PM CST","2017-01-09","adam","13","Unburned","Bottom 4","1","pose","4"
"2017/01/09 5:11:21 PM CST","2017-01-09","adam","11","Unburned","Top 2","1","pose","38"
"2017/01/09 5:11:54 PM CST","2017-01-09","adam","14","Unburned","Bottom 4","2","brte","5"
"2017/01/09 5:12:37 PM CST","2017-01-09","adam","14","Unburned","Bottom 4","2","pose","5"
"2017/01/09 5:13:07 PM CST","2017-01-09","adam","02","Burned","Top 2","1","brte","4"
"2017/01/09 5:13:37 PM CST","2017-01-09","adam","05","Unburned","Bottom 4","2","brte","3"
"2017/01/09 5:14:14 PM CST","2017-01-09","adam","04","Burned","Top 2","2","brte","4"
"2017/01/09 5:14:47 PM CST","2017-01-09","adam","04","Burned","Top 2","2","pose","1"
"2017/01/09 5:15:25 PM CST","2017-01-09","adam","12","Unburned","Top 2","1","brte","14"
"2017/01/09 5:15:50 PM CST","2017-01-09","adam","12","Unburned","Top 2","1","pose","13"
"2017/01/09 5:16:22 PM CST","2017-01-09","adam","13","Unburned","Bottom 4","2","pose","13"
"2017/01/09 5:16:55 PM CST","2017-01-09","adam","13","Unburned","Bottom 4","2","brte","1"
"2017/01/09 5:17:33 PM CST","2017-01-09","adam","12","Unburned","Bottom 4","2","pose","4"
"2017/01/09 5:25:28 PM CST","2017-01-09","adam","04","Unburned","Bottom 4","1","brte","2"
"2017/01/09 5:25:55 PM CST","2017-01-09","adam","04","Unburned","Bottom 4","1","pose","3"
"2017/01/09 5:26:28 PM CST","2017-01-09","adam","14","Burned","Top 2","1","brte","4"
"2017/01/09 5:26:55 PM CST","2017-01-09","adam","14","Burned","Top 2","1","pose","10"
"2017/01/09 5:27:29 PM CST","2017-01-09","adam","14","Unburned","Top 2","1","brte","1"
"2017/01/09 5:28:05 PM CST","2017-01-09","adam","14","Unburned","Top 2","1","brte","9"
"2017/01/09 5:28:30 PM CST","2017-01-09","adam","14","Unburned","Top 2","1","pose","11"
"2017/01/09 5:28:56 PM CST","2017-01-09","adam","08","Unburned","Top 2","2","brte","1"
"2017/01/09 5:29:28 PM CST","2017-01-09","adam","08","Unburned","Top 2","2","pose","12"
"2017/01/12 7:21:53 PM CST","2017-01-09","Hakim Mamash","04","Unburned","Top 2","2","BRTE","14"
"2017/01/12 7:23:06 PM CST","2017-01-09","Hakim Mamash","04","Unburned","Top 2","2","POSE","10"
"2017/01/12 7:24:38 PM CST","2017-01-09","Hakim Mamash","10","Unburned","Top 2","2","POSE","85"
"2017/01/12 7:25:43 PM CST","2017-01-09","Hakim Mamash","10","Unburned","Top 2","2","BRTE","1"
"2017/01/12 7:26:43 PM CST","2017-01-09","Hakim Mamash","07","Burned","Top 2","2","BRTE","1"
"2017/01/12 7:27:39 PM CST","2017-01-09","Hakim Mamash","07","Burned","Top 2","2","POSE","6"
"2017/01/12 7:28:45 PM CST","2017-01-09","Hakim Mamash","03","Unburned","Top 2","1","BRTE","4"
"2017/01/12 7:29:39 PM CST","2017-01-09","Hakim Mamash","03","Unburned","Top 2","2","BRTE","2"
"2017/01/12 7:31:07 PM CST","2017-01-09","Hakim Mamash","12","Unburned","Top 2","3","BRTE","18"
"2017/01/12 7:32:08 PM CST","2017-01-09","Hakim Mamash","12","Unburned","Top 2","3","POSE","21"
"2017/01/12 7:33:29 PM CST","2017-01-09","Hakim Mamash","01","Unburned","Top 2","1","BRTE","21"
"2017/01/12 7:34:43 PM CST","2017-01-09","Hakim Mamash","01","Unburned","Top 2","1","POSE","2"
"2017/01/12 7:35:56 PM CST","2017-01-09","Hakim Mamash","10","Burned","Top 2","1","POSE","5"
"2017/01/12 7:37:23 PM CST","2017-01-09","Hakim Mamash","01","Unburned","Top 2","2","BRTE","5"
"2017/01/12 7:38:36 PM CST","2017-01-09","Hakim Mamash","01","Unburned","Top 2","2","POSE","4"
"2017/01/12 7:40:01 PM CST","2017-01-09","Hakim Mamash","10","Unburned","Top 2","1","POSE","84"
"2017/01/12 7:41:13 PM CST","2017-01-09","Hakim Mamash","10","Unburned","Top 2","1","BRTE ","5"
"2017/01/12 7:42:31 PM CST","2017-01-09","Hakim Mamash","04","Unburned","Top 2","1","BRTE","20"
"2017/01/12 7:43:52 PM CST","2017-01-09","Hakim Mamash","04","Unburned","Top 2","1","POSE","21"
"2017/01/12 7:45:17 PM CST","2017-01-09","Hakim Mamash","01","Burned","Bottom 4","1","BRTE","2"
"2017/01/12 7:46:11 PM CST","2017-01-09","Hakim Mamash","12","Unburned","Bottom 4","1","POSE","1"
"2017/01/12 8:03:30 PM CST","2017-01-09","Hakim Mamash","01","Burned","Top 2","1","BRTE","6"
"2017/01/12 8:04:27 PM CST","2017-01-09","Hakim Mamash","05","Unburned","Top 2","2","BRTE","17"
"2017/01/12 8:05:22 PM CST","2017-01-09","Hakim Mamash","05","Unburned","Top 2","2","POSE","2"
"2017/01/12 8:06:18 PM CST","2017-01-09","Hakim Mamash","01","Unburned","Bottom 4","2","BRTE","2"
"2017/01/18 4:35:12 PM CST","2017-01-18","adam","05","Unburned","Top 2","1","brte","83"
"2017/01/18 4:35:57 PM CST","2017-01-18","adam","05","Unburned","Top 2","1","pose","3"
"2017/01/18 4:38:17 PM CST","2017-01-18","adam","03","Burned","Top 2","1","brte","1"
"2017/01/18 4:39:03 PM CST","2017-01-18","adam","01","Unburned","Top 2","2","brte","3"
"2017/01/18 4:39:32 PM CST","2017-01-18","adam","01","Unburned","Top 2","2","pose","5"
"2017/01/18 4:40:33 PM CST","2017-01-18","adam","09","Burned","Top 2","1","brte","4"
"2017/01/18 4:41:50 PM CST","2017-01-18","adam","09","Burned","Top 2","1","pose","18"
"2017/01/18 4:42:24 PM CST","2017-01-18","adam","02","Unburned","Top 2","1","brte","12"
"2017/01/18 4:43:10 PM CST","2017-01-18","adam","07","Burned","Top 2","1","pose","11"
"2017/01/18 4:44:18 PM CST","2017-01-18","adam","13","Unburned","Top 2","1","brte","7"
"2017/01/18 4:44:56 PM CST","2017-01-18","adam","13","Unburned","Top 2","1","pose","20"
"2017/01/18 4:46:25 PM CST","2017-01-18","adam","06","Burned","Top 2","2","pose","1"
"2017/01/18 4:47:00 PM CST","2017-01-18","adam","06","Burned","Top 2","2","pose","1"
"2017/01/18 4:47:35 PM CST","2017-01-18","adam","07","Burned","Bottom 4","2","pose","3"
"2017/01/18 4:49:46 PM CST","2017-01-18","adam","07","Burned","Bottom 4","2","brte","1"
"2017/01/18 4:50:22 PM CST","2017-01-18","adam","10","Unburned","Bottom 4","1","pose","8"
"2017/01/18 4:50:57 PM CST","2017-01-18","adam","13","Burned","Bottom 4","1","pose","4"
"2017/01/18 7:15:09 PM CST","2017-01-18","adam","10","Unburned","Bottom 4","2","pose","6"
"2017/01/18 7:15:43 PM CST","2017-01-18","adam","13","Burned","Top 2","1","brte","2"
"2017/01/18 7:16:20 PM CST","2017-01-18","adam","13","Burned","Top 2","1","pose","2"
"2017/01/18 7:16:59 PM CST","2017-01-18","adam","04","Unburned","Bottom 4","3","brte","1"
"2017/01/18 7:17:45 PM CST","2017-01-18","adam","13","Unburned","Bottom 4","2","pose","3"
"2017/01/18 7:18:28 PM CST","2017-01-18","adam","13","Unburned","Bottom 4","2","brte","1"
"2017/01/18 7:21:14 PM CST","2017-01-18","adam","12","Unburned","Top 2","2","brte","10"
"2017/01/18 7:21:49 PM CST","2017-01-18","adam","12","Unburned","Top 2","2","pose","9"
"2017/01/18 7:23:30 PM CST","2017-01-18","adam","02","Unburned","Bottom 4","1","brte","1"
"2017/01/18 7:24:13 PM CST","2017-01-18","adam","10","Unburned","Top 2","1","brte","3"
"2017/01/18 7:24:52 PM CST","2017-01-18","adam","10","Unburned","Top 2","1","pose","39"
"2017/01/18 7:25:39 PM CST","2017-01-18","adam","04","Unburned","Top 2","2","brte","2"
"2017/01/18 7:26:20 PM CST","2017-01-18","adam","04","Unburned","Top 2","2","pose","5"
"2017/01/18 7:26:54 PM CST","2017-01-18","adam","14","Unburned","Bottom 4","2","brte","3"
"2017/01/18 7:27:24 PM CST","2017-01-18","adam","14","Unburned","Bottom 4","2","pose","13"
"2017/01/19 1:41:28 PM CST","2017-01-19","adam","01","Unburned","Top 2","1","brte","10"
"2017/01/19 1:41:55 PM CST","2017-01-19","adam","01","Unburned","Top 2","1","pose","4"
"2017/01/19 1:42:22 PM CST","2017-01-19","adam","09","Unburned","Top 2","1","pose","68"
"2017/01/19 1:42:58 PM CST","2017-01-19","adam","09","Unburned","Top 2","1","brte","1"
"2017/01/19 1:43:32 PM CST","2017-01-19","adam","02","Burned","Top 2","1","brte","5"
"2017/01/19 1:43:57 PM CST","2017-01-19","adam","08","Unburned","Top 2","1","brte","2"
"2017/01/19 1:44:37 PM CST","2017-01-19","adam","08","Unburned","Top 2","1","pose","35"
"2017/01/19 1:44:59 PM CST","2017-01-19","adam","03","Unburned","Top 2","1","brte","15"
"2017/01/19 1:45:54 PM CST","2017-01-19","adam","01","Burned","Bottom 4","2","brte","1"
"2017/01/19 1:46:17 PM CST","2017-01-19","adam","01","Burned","Bottom 4","2","pose","2"
"2017/01/19 1:46:45 PM CST","2017-01-19","adam","08","Unburned","Top 2","2","brte","3"
"2017/01/19 1:47:12 PM CST","2017-01-19","adam","08","Unburned","Top 2","2","pose","32"
"2017/01/19 1:47:38 PM CST","2017-01-19","adam","07","Burned","Top 2","2","pose","3"
"2017/01/19 1:48:02 PM CST","2017-01-19","adam","13","Unburned","Top 2","2","brte","12"
"2017/01/19 1:48:24 PM CST","2017-01-19","adam","13","Unburned","Top 2","2","pose","45"
"2017/01/19 1:48:52 PM CST","2017-01-19","adam","09","Unburned","Top 2","2","brte","1"
"2017/01/19 1:49:19 PM CST","2017-01-19","adam","09","Unburned","Top 2","2","pose","58"
"2017/01/19 1:49:43 PM CST","2017-01-19","adam","14","Unburned","Bottom 4","4","pose","3"
"2017/01/19 1:50:03 PM CST","2017-01-19","adam","14","Unburned","Bottom 4","4","brte","1"
"2017/01/19 1:50:36 PM CST","2017-01-19","adam","03","Unburned","Top 2","2","brte","4"
"2017/01/19 1:51:02 PM CST","2017-01-19","adam","12","Unburned","Top 2","1","brte","7"
"2017/01/19 1:51:26 PM CST","2017-01-19","adam","12","Unburned","Top 2","1","pose","19"
"2017/01/19 1:51:47 PM CST","2017-01-19","adam","04","Burned","Top 2","1","brte","2"
"2017/01/19 1:52:04 PM CST","2017-01-19","adam","04","Burned","Top 2","1","pose","1"
"2017/01/19 1:52:31 PM CST","2017-01-19","adam","14","Unburned","Bottom 4","3","brte","3"
"2017/01/19 1:53:02 PM CST","2017-01-19","adam","14","Unburned","Bottom 4","3","pose","10"
"2017/01/21 2:23:36 AM CST","2017-01-20","adam","12","Unburned","Top 2","3","brte","4"
"2017/01/21 2:28:27 AM CST","2017-01-20","adam","12","Unburned","Top 2","3","pose","23"
"2017/01/21 2:29:08 AM CST","2017-01-20","adam","12","Unburned","Top 2","3","Bristly marge","1"
"2017/01/21 2:29:45 AM CST","2017-01-20","adam","06","Unburned","Bottom 4","1","brte","1"
"2017/01/21 2:30:15 AM CST","2017-01-17","adam","06","Unburned","Bottom 4","1","pose","2"
"2017/01/21 2:30:55 AM CST","2017-01-20","adam","13","Unburned","Bottom 4","1","pose","3"
"2017/01/21 2:31:23 AM CST","2017-01-20","adam","04","Unburned","Top 2","1","brte","20"
"2017/01/21 2:31:54 AM CST","2017-01-20","adam","04","Unburned","Top 2","1","pose","17"
"2017/01/21 2:33:59 AM CST","2017-01-20","adam","06","Unburned","Top 2","1","brte","1"
"2017/01/21 2:34:58 AM CST","2017-01-20","adam","06","Unburned","Top 2","1","pose","17"
"2017/01/21 2:35:36 AM CST","2017-01-20","adam","01","Burned","Top 2","1","brte","11"
"2017/01/21 2:36:08 AM CST","2017-01-20","adam","01","Burned","Top 2","1","pose","7"
"2017/01/21 2:36:45 AM CST","2017-01-20","adam","14","Burned","Top 2","1","brte","2"
"2017/01/21 2:37:20 AM CST","2017-01-20","adam","14","Burned","Top 2","1","pose","29"
"2017/01/21 2:37:53 AM CST","2017-01-20","adam","07","Unburned","Bottom 4","1","pose","11"
"2017/01/21 2:38:28 AM CST","2017-01-20","adam","07","Unburned","Bottom 4","1","brte","1"
"2017/01/21 2:38:59 AM CST","2017-01-20","adam","04","Unburned","Bottom 4","1","brte","1"
"2017/01/21 2:39:33 AM CST","2017-01-20","adam","04","Unburned","Bottom 4","1","pose","1"
"2017/01/21 2:40:06 AM CST","2017-01-20","adam","11","Unburned","Top 2","2","pose","16"
"2017/01/21 2:40:33 AM CST","2017-01-20","adam","01","Unburned","Bottom 4","1","brte","3"
"2017/01/21 2:40:56 AM CST","2017-01-20","adam","01","Unburned","Bottom 4","1","pose","1"
"2017/01/21 2:41:22 AM CST","2017-01-20","adam","07","Unburned","Top 2","1","brte","2"
"2017/01/21 2:41:56 AM CST","2017-01-20","adam","07","Unburned","Top 2","1","pose","106"
"2017/01/21 2:42:28 AM CST","2017-01-20","adam","02","Unburned","Bottom 4","1","brte","3"
"2017/01/21 3:12:53 AM CST","2017-01-20","adam","11","Unburned","Top 2","1","pose","30"
"2017/01/21 3:13:24 AM CST","2017-01-20","adam","08","Unburned","Bottom 4","2","pose","4"
"2017/01/21 3:13:50 AM CST","2017-01-20","adam","04","Burned","Top 2","2","brte","1"
"2017/01/21 3:14:22 AM CST","2017-01-20","adam","05","Unburned","Bottom 4","2","brte","2"
"2017/01/21 3:14:46 AM CST","2017-01-20","adam","12","Burned","Top 2","2","brte","1"
"2017/01/21 3:15:09 AM CST","2017-01-20","adam","12","Burned","Top 2","2","pose","10"
"2017/01/21 3:15:36 AM CST","2017-01-20","adam","07","Unburned","Top 2","2","pose","166"
"2017/01/21 3:16:01 AM CST","2017-01-20","adam","07","Unburned","Top 2","2","brte","1"
"2017/01/21 3:16:24 AM CST","2017-01-20","adam","10","Burned","Top 2","2","brte","1"
"2017/01/21 3:16:48 AM CST","2017-01-20","adam","10","Burned","Top 2","2","pose","10"
"2017/01/21 3:17:19 AM CST","2017-01-20","adam","14","Unburned","Top 2","1","brte","12"
"2017/01/21 3:17:44 AM CST","2017-01-20","adam","14","Unburned","Top 2","1","pose","34"
"2017/01/21 3:18:07 AM CST","2017-01-20","adam","05","Unburned","Bottom 4","1","brte","2"
"2017/01/21 3:18:26 AM CST","2017-01-20","adam","05","Unburned","Top 2","2","brte","24"
"2017/01/21 3:18:58 AM CST","2017-01-20","adam","11","Burned","Top 2","1","pose","2"
"2017/01/21 3:19:20 AM CST","2017-01-20","adam","02","Unburned","Bottom 4","3","brte","2"
"2017/01/21 3:19:44 AM CST","2017-01-20","adam","10","Burned","Bottom 4","2","pose","2"
"2017/01/21 3:20:07 AM CST","2017-01-20","adam","08","Unburned","Bottom 4","4","pose","4"
"2017/01/21 3:20:33 AM CST","2017-01-20","adam","09","Unburned","Bottom 4","1","pose","8"
"2017/01/21 3:20:54 AM CST","2017-01-20","adam","10","Unburned","Top 2","2","brte","1"
"2017/01/21 3:21:15 AM CST","2017-01-20","adam","10","Unburned","Top 2","2","pose","38"
"2017/01/21 3:21:41 AM CST","2017-01-20","adam","14","Unburned","Bottom 4","2","brte","2"
"2017/01/23 4:25:57 PM CST","2017-01-23","adam","05","Unburned","Top 2","2","brte","1"
"2017/01/23 4:26:23 PM CST","2017-01-23","adam","14","Unburned","Top 2","1","brte","1"
"2017/01/23 4:26:39 PM CST","2017-01-23","adam","14","Unburned","Top 2","1","pose","1"
"2017/01/23 4:27:07 PM CST","2017-01-23","adam","14","Unburned","Bottom 4","2","pose","2"
"2017/01/23 4:27:31 PM CST","2017-01-23","adam","13","Unburned","Top 2","2","brte","1"
"2017/01/23 4:27:49 PM CST","2017-01-23","adam","13","Unburned","Top 2","2","pose","2"
"2017/01/23 4:28:25 PM CST","2017-01-23","adam","08","Unburned","Top 2","1","pose","3"
"2017/01/23 4:28:46 PM CST","2017-01-23","adam","08","Unburned","Top 2","1","brte","1"
"2017/01/23 4:29:09 PM CST","2017-01-23","adam","10","Unburned","Top 2","1","pose","3"
"2017/01/23 4:29:36 PM CST","2017-01-23","adam","07","Unburned","Top 2","2","pose","12"
"2017/01/23 4:30:07 PM CST","2017-01-23","adam","07","Unburned","Top 2","2","brte","1"
"2017/01/23 4:30:41 PM CST","2017-01-23","adam","09","Unburned","Top 2","1","pose","8"
"2017/01/23 4:31:06 PM CST","2017-01-17","adam","04","Unburned","Top 2","2","pose","3"
"2017/01/23 4:31:27 PM CST","2017-01-23","adam","07","Unburned","Bottom 4","1","pose","2"
"2017/01/23 4:31:46 PM CST","2017-01-23","adam","05","Burned","Top 2","2","pose","1"
"2017/01/23 4:32:12 PM CST","2017-01-23","adam","09","Unburned","Bottom 4","2","pose","7"
"2017/01/23 4:32:43 PM CST","2017-01-23","adam","13","Unburned","Top 2","1","pose","8"
"2017/01/23 4:33:09 PM CST","2017-01-23","adam","12","Unburned","Bottom 4","2","brte","1"
"2017/01/23 4:33:28 PM CST","2017-01-23","adam","12","Unburned","Bottom 4","2","pose","2"
"2017/01/23 4:34:01 PM CST","2017-01-23","adam","10","Burned","Bottom 4","1","pose","2"
"2017/01/23 4:34:23 PM CST","2017-01-23","adam","14","Burned","Bottom 4","2","pose","1"
"2017/01/23 4:34:49 PM CST","2017-01-23","adam","11","Burned","Top 2","2","brte","1"
"2017/01/23 4:35:17 PM CST","2017-01-23","adam","11","Burned","Top 2","2","pose","1"
"2017/01/23 4:35:55 PM CST","2017-01-23","adam","01","Unburned","Bottom 4","2","brte","1"
"2017/01/23 4:36:42 PM CST","2017-01-23","adam","03","Unburned","Bottom 4","3","brte","2"
"2017/01/23 4:37:20 PM CST","2017-01-23","adam","02","Unburned","Top 2","1","brte","1"
"2017/01/23 4:37:54 PM CST","2017-01-23","adam","12","Unburned","Top 2","1","pose","2"
"2017/01/23 4:38:27 PM CST","2017-01-23","adam","12","Unburned","Top 2","1","brte","2"
"2017/01/23 4:41:03 PM CST","2017-01-23","adam","12","Unburned","Bottom 4","1","pose","3"
"2017/01/23 4:41:28 PM CST","2017-01-23","adam","05","Burned","Bottom 4","2","brteq","1"
"2017/01/23 4:41:55 PM CST","2017-01-23","adam","05","Unburned","Top 2","1","brte","11"
"2017/01/23 4:42:22 PM CST","2017-01-23","adam","11","Unburned","Top 2","1","pose","3"
"2017/01/23 4:42:46 PM CST","2017-01-23","adam","11","Unburned","Top 2","1","forb","1"
"2017/01/23 4:43:11 PM CST","2017-01-23","adam","07","Unburned","Top 2","1","pose","9"
"2017/01/23 4:43:45 PM CST","2017-01-23","adam","06","Unburned","Bottom 4","3","pose","2"
"2017/01/25 12:40:19 PM CST","2017-01-21","Hakim Mamash","03","Unburned","Top 2","2","BRTE","1"
"2017/01/25 12:41:18 PM CST","2017-01-21","Hakim Mamash","09","Burned","Bottom 4","1","POSE","2"
"2017/01/25 12:42:56 PM CST","2017-01-21","Hakim Mamash","12","Unburned","Top 2","1","BRTE","1"
"2017/01/25 12:44:14 PM CST","2017-01-21","HAKIM MAMASH","12","Unburned","Top 2","1","POSE","3"
"2017/01/25 12:45:25 PM CST","2017-01-21","HAKIM MAMASH","03","Unburned","Top 2","1","BRTE","1"
"2017/01/25 12:46:08 PM CST","2017-01-21","HAKIM MAMASH","03","Unburned","Bottom 4","1","BRTE","1"
"2017/01/25 12:52:15 PM CST","2017-01-21","HAKIM MAMASH","08","Unburned","Top 2","1","POSE","1"
"2017/01/25 12:53:10 PM CST","2017-01-21","HAKIM MAMASH","08","Unburned","Bottom 4","1","POSE","1"
"2017/01/25 12:54:48 PM CST","2017-01-21","HAKIM MAMASH","11","Burned","Bottom 4","2","POSE","1"
"2017/01/25 12:55:47 PM CST","2017-01-21","HAKIM MAMASH","02","Burned","Bottom 4","1","BRTE","3"
"2017/01/25 4:10:39 PM CST","2017-01-21","HAKIM MAMASH","08","Burned","Bottom 4","1","POSE","1"
"2017/01/25 4:11:39 PM CST","2017-01-21","HAKIM MAMASH","04","Burned","Bottom 4","1","BRTE","1"
"2017/01/25 4:33:27 PM CST","2017-01-21","HAKIM MAMASH","11","Unburned","Bottom 4","2","POSE","10"
"2017/01/25 4:34:23 PM CST","2017-01-21","HAKIM MAMASH","12","Unburned","Top 2","2","BRTE","1"
"2017/01/25 4:35:34 PM CST","2017-01-21","HAKIM MAMASH","12","Unburned","Top 2","2","POSE","3"
"2017/01/25 4:44:42 PM CST","2017-01-21","HAKIM MAMASH","07","Unburned","Bottom 4","2","POSE","7"
"2017/01/25 4:49:12 PM CST","2017-01-21","HAKIM MAMASH","13","Burned","Bottom 4","2","BRTE","1"
"2017/01/27 11:47:49 PM CST","2017-01-21","Hakim Mamash","13","Burned","Bottom 4","2","BRTE","1"
"2017/01/27 11:48:39 PM CST","2017-01-21","HAKIM MAMASH","13","Burned","Bottom 4","2","POSE","3"
"2017/01/27 11:49:36 PM CST","2017-01-21","HAKIM MAMASH","12","Burned","Top 2","1","BRTE","3"
"2017/01/27 11:51:05 PM CST","2017-01-21","HAKIM MAMSH","12","Burned","Top 2","1","POSE","3"
"2017/01/27 11:52:00 PM CST","2017-01-21","HAKIM MAMSH","10","Burned","Top 2","1","POSE","5"
"2017/01/27 11:52:49 PM CST","2017-01-21","HAKIM MAMASH","01","Burned","Bottom 4","3","BRTE","1"
"2017/01/27 11:54:46 PM CST","2017-01-21","HAKIM MAMASH","01","Burned","Bottom 4","1","BRTE","1"
"2017/01/27 11:55:28 PM CST","2017-01-21","HAKIM MAMASH","01","Burned","Bottom 4","1","POSE","1"
"2017/01/27 11:56:09 PM CST","2017-01-21","HAKIM MAMASH","14","Burned","Bottom 4","2","POSE","2"
"2017/01/27 11:57:19 PM CST","2017-01-21","HAKIM MAMASH","12","Burned","Bottom 4","1","POSE","1"
"2017/01/27 11:58:04 PM CST","2017-01-21","HAKIM MAMASH","13","Burned","Top 2","2","BRTE","1"
"2017/01/27 11:58:52 PM CST","2017-01-21","HAKIM MAMASH","13","Burned","Top 2","2","POSE","3"
"2017/01/28 12:00:00 AM CST","2017-01-21","HAKIM MAMASH","12","Burned","Bottom 4","2","POSE","2"
"2017/01/28 12:01:04 AM CST","2017-01-21","HAKIM MAMASH","14","Burned","Bottom 4","1","POSE","10"
"2017/01/28 12:01:58 AM CST","2017-01-21","HAKIM MAMASH","08","Unburned","Top 2","2","BRTE","1"
"2017/01/28 12:02:52 AM CST","2017-01-21","HAKIM MAMASH","08","Unburned","Top 2","2","POSE","2"
"2017/01/28 12:25:40 PM CST","2017-01-27","Hakim Mamash","12","Unburned","Top 2","2","BRTE","3"
"2017/01/28 12:27:09 PM CST","2017-01-21","HAKIM MAMASH","09","Unburned","Top 2","1","BRTE","3"
"2017/01/28 12:28:08 PM CST","2017-01-21","HAKIM MAMASH","09","Unburned","Top 2","1","POSE","2"
"2017/02/06 2:57:44 PM CST","2017-02-03","adam","10","Unburned","Top 2","2","pose","8"
"2017/02/06 2:59:23 PM CST","2017-02-03","adam","13","Unburned","Top 2","2","brte","1"
"2017/02/06 2:59:48 PM CST","2017-02-03","adam","13","Unburned","Top 2","2","pose","2"
"2017/02/06 3:00:12 PM CST","2017-02-03","adam","13","Unburned","Top 2","2","UK1","2"
"2017/02/06 3:01:01 PM CST","2017-02-03","adam","07","Burned","Top 2","2","UK1","1"
"2017/02/06 3:02:17 PM CST","2017-02-03","adam","12","Unburned","Top 2","1","pose","2"
"2017/02/06 3:02:45 PM CST","2017-02-03","adam","14","Unburned","Bottom 4","3","pose","5"
"2017/02/06 3:04:09 PM CST","2017-02-03","adam","09","Unburned","Top 2","1","pose","4"
"2017/02/06 3:04:47 PM CST","2017-02-03","adam","12","Unburned","Top 2","2","pose","1"
"2017/02/06 3:05:28 PM CST","2017-02-03","adam","13","Burned","Top 2","1","UK1","4"
"2017/02/06 3:05:54 PM CST","2017-02-03","adam","13","Burned","Top 2","1","UK2","1"
"2017/02/06 3:06:24 PM CST","2017-02-03","adam","13","Burned","Bottom 4","2","UK2","3"
"2017/02/06 3:06:45 PM CST","2017-02-03","adam","13","Burned","Bottom 4","2","pose","1"
"2017/02/06 3:07:26 PM CST","2017-02-03","adam","07","Unburned","Top 2","2","pose","10"
"2017/02/06 3:08:07 PM CST","2017-02-05","adam","08","Unburned","Bottom 4","3","UK4","1"
"2017/02/06 3:08:31 PM CST","2017-02-05","adam","08","Unburned","Bottom 4","3","pose","1"
"2017/02/06 3:09:18 PM CST","2017-02-05","adam","12","Unburned","Top 2","3","pose","2"
"2017/02/06 3:10:29 PM CST","2017-02-05","adam","03","Unburned","Bottom 4","3","UK3","6"
"2017/02/06 3:11:16 PM CST","2017-02-05","adam","02","Unburned","Top 2","1","brte","1"
"2017/02/06 3:11:40 PM CST","2017-02-05","adam","02","Unburned","Top 2","1","UK3","18"
"2017/02/06 3:12:35 PM CST","2017-02-05","adam","07","Unburned","Top 2","1","pose","7"
"2017/02/06 3:13:04 PM CST","2017-02-05","adam","13","Unburned","Top 2","1","pose","4"
"2017/02/06 3:13:28 PM CST","2017-02-05","adam","13","Unburned","Top 2","1","UK2","1"
"2017/02/06 3:13:48 PM CST","2017-02-05","adam","13","Unburned","Top 2","1","UK6","1"
"2017/02/06 3:14:24 PM CST","2017-02-05","adam","03","Burned","Top 2","1","UK3","8"
"2017/02/06 3:14:50 PM CST","2017-02-05","adam","12","Burned","Top 2","1","pose","1"
"2017/02/06 3:15:24 PM CST","2017-02-05","adam","14","Unburned","Top 2","1","pose","3"
"2017/02/06 3:15:58 PM CST","2017-02-05","adam","14","Unburned","Top 2","1","UK3","1"
"2017/02/06 3:16:42 PM CST","2017-02-05","adam","11","Burned","Top 2","1","pose","1"
"2017/02/06 3:17:13 PM CST","2017-02-05","adam","11","Burned","Top 2","1","unknown forb","1"
"2017/02/06 3:18:01 PM CST","2017-02-05","adam","03","Unburned","Top 2","1","UK3","3"
"2017/02/06 3:18:29 PM CST","2017-02-05","adam","03","Unburned","Top 2","2","UK3","15"
"2017/02/06 3:18:53 PM CST","2017-02-05","adam","03","Unburned","Top 2","2","brte","1"
"2017/02/06 3:19:52 PM CST","2017-02-05","adam","08","Unburned","Top 2","2","pose","7"
"2017/02/06 3:20:20 PM CST","2017-02-05","adam","08","Unburned","Top 2","2","UK2","3"
"2017/02/06 3:21:48 PM CST","2017-02-05","adam","08","Unburned","Top 2","2","unknown forb","4"
"2017/02/06 3:22:33 PM CST","2017-02-05","adam","08","Unburned","Top 2","2","UK5","3"
"2017/02/06 3:23:38 PM CST","2017-02-05","adam","08","Unburned","Top 2","2","UK4","5"
"2017/02/06 3:24:08 PM CST","2017-02-05","adam","08","Unburned","Top 2","2","UK3","1"
"2017/02/06 3:24:45 PM CST","2017-02-05","adam","03","Burned","Top 2","2","UK3","5"
"2017/02/06 3:25:21 PM CST","2017-02-05","adam","08","Unburned","Top 2","1","pose","16"
"2017/02/06 3:27:55 PM CST","2017-02-05","adam","08","Unburned","Top 2","1","UK2","2"
"2017/02/06 3:34:37 PM CST","2017-02-05","adam","08","Unburned","Top 2","1","UK4","36"
"2017/02/06 3:35:08 PM CST","2017-02-05","adam","08","Unburned","Top 2","1","UK5","1"
"2017/02/06 3:35:34 PM CST","2017-02-05","adam","08","Unburned","Top 2","1","brte","1"
"2017/02/06 3:36:10 PM CST","2017-02-05","adam","02","Unburned","Bottom 4","1","UK3","3"
"2017/02/06 3:36:30 PM CST","2017-02-05","adam","02","Unburned","Bottom 4","1","unknown forb","1"
"2017/02/06 3:37:16 PM CST","2017-02-05","adam","09","Burned","Top 2","1","pose","2"
"2017/02/06 3:38:17 PM CST","2017-02-05","adam","13","Unburned","Bottom 4","1","pose","1"
"2017/02/06 3:40:22 PM CST","2017-02-05","adam","01","Unburned","Bottom 4","1","pose","2"
"2017/02/06 3:41:04 PM CST","2017-02-05","adam","01","Unburned","Bottom 4","1","unknown forb","1"
"2017/02/06 3:41:54 PM CST","2017-02-05","adam","01","Unburned","Bottom 4","1","brte","2"
"2017/02/06 3:42:28 PM CST","2017-02-05","adam","14","Burned","Bottom 4","1","pose","2"
"2017/02/06 3:42:51 PM CST","2017-02-05","adam","14","Burned","Bottom 4","1","UK3","5"
"2017/02/06 3:43:16 PM CST","2017-02-05","adam","02","Unburned","Bottom 4","1","UK3","2"
"2017/02/06 3:43:36 PM CST","2017-02-05","adam","01","Unburned","Bottom 4","1","pose","1"
"2017/02/06 3:44:05 PM CST","2017-02-05","adam","14","Unburned","Bottom 4","2","pose","2"
"2017/02/06 3:44:28 PM CST","2017-02-05","adam","13","Burned","Bottom 4","2","pose","1"
"2017/02/06 3:45:20 PM CST","2017-02-05","adam","01","Unburned","Bottom 4","3","brte","1"
"2017/02/06 3:45:47 PM CST","2017-02-05","adam","01","Unburned","Bottom 4","3","pose","1"
"2017/02/06 3:46:15 PM CST","2017-02-05","adam","14","Burned","Bottom 4","2","UK3","3"
"2017/02/06 3:46:52 PM CST","2017-02-05","adam","14","Burned","Bottom 4","2","pose","1"
"2017/02/06 3:47:26 PM CST","2017-02-05","adam","05","Unburned","Top 2","1","brte","2"
"2017/02/06 3:47:55 PM CST","2017-02-05","adam","14","Burned","Top 2","1","UK2","3"
"2017/02/06 3:48:27 PM CST","2017-02-05","adam","14","Burned","Top 2","1","UK3","11"
"2017/02/06 3:49:01 PM CST","2017-02-05","adam","14","Burned","Top 2","1","unknown forb","1"
"2017/02/06 3:49:20 PM CST","2017-02-05","adam","14","Burned","Top 2","1","pose","1"
"2017/02/08 6:58:08 PM CST","2017-01-25","HAKIM MAMASH","13","Unburned","Top 2","2","BRTE","3"
"2017/02/08 6:59:41 PM CST","2017-01-21","HAKIM MAMASH","09","Burned","Bottom 4","2","BRTE","1"
"2017/02/08 7:01:05 PM CST","2017-01-21","HAKIM MAMASH","14","Unburned","Bottom 4","1","BRTE","1"
"2017/02/08 7:01:51 PM CST","2017-01-21","HAKIM MAMASH","08","Unburned","Bottom 4","3","POSE","3"
"2017/02/08 7:02:56 PM CST","2017-01-21","HAKIM MAMASH","01","Unburned","Bottom 4","2","POSE","3"
"2017/02/08 7:05:38 PM CST","2017-01-27","HAKIM MAMASH","12","Unburned","Top 2","2","BRTE","3"
"2017/02/08 7:07:37 PM CST","2017-01-27","HAKIM MAMASH","09","Unburned","Top 2","1","BRTE","3"
"2017/02/08 7:08:48 PM CST","2017-01-27","HAKIM MAMASH","09","Unburned","Top 2","1","POSE","2"
"2017/02/08 7:09:33 PM CST","2017-01-27","HAKIM MAMASH","12","Burned","Bottom 4","1","POSE","1"
"2017/02/08 7:10:26 PM CST","2017-01-27","HAKIM MAMASH","08","Unburned","Top 2","1","POSE","8"
"2017/02/08 7:15:01 PM CST","2017-01-27","HAKIM MAMASH","08","Unburned","Top 2","1","BRTE","2"
"2017/02/08 7:22:05 PM CST","2017-01-27","HAKIM MAMASH","09","Unburned","Top 2","2","POSE","10"
"2017/02/08 7:23:37 PM CST","2017-01-27","HAKIM MAMASH","08","Unburned","Top 2","2","POSE","8"
"2017/02/08 7:24:27 PM CST","2017-01-27","HAKIM MAMASH","07","Unburned","Top 2","2","POSE","6"
"2017/02/08 7:26:18 PM CST","2017-01-27","HAKIM MAMASH","12","Burned","Top 2","2","POSE","8"
"2017/02/08 7:29:42 PM CST","2017-01-27","HAKIM MAMASH","10","Unburned","Top 2","2","POSE","4"
"2017/02/08 7:30:39 PM CST","2017-01-27","HAKIM MAMASH","01","Unburned","Bottom 4","2","BRTE","2"
"2017/02/08 7:31:46 PM CST","2017-01-27","HAKIM MAMASH","01","Unburned","Top 2","1","BRTE","3"
"2017/02/08 7:32:31 PM CST","2017-01-27","HAKIM MAMASH","12","Unburned","Top 2","1","BRTE","2"
"2017/02/08 7:33:25 PM CST","2017-02-04","HAKIM MAMASH","13","Burned","Bottom 4","2","POSE","1"
"2017/02/08 7:35:26 PM CST","2017-02-04","HAKIM MAMASH","13","Burned","Bottom 4","2","BRTE","1"
"2017/02/08 7:38:53 PM CST","2017-02-04","HAKIM MAMASH","12","Unburned","Top 2","2","POSE","1"
"2017/02/08 7:39:57 PM CST","2017-02-04","HAKIM MAMASH","10","Unburned","Top 2","1","POSE","1"
"2017/02/08 7:50:20 PM CST","2017-02-04","HAKIM MAMSH","12","Unburned","Bottom 4","2","POSE","2"
"2017/02/08 7:51:19 PM CST","2017-02-04","HAKIM MAMASH","14","Burned","Top 2","1","POSE","1"
"2017/02/13 8:01:35 PM CST","2017-02-13","adam","01","Burned","Top 2","1","UK5","5"
"2017/02/13 8:01:59 PM CST","2017-02-13","adam","01","Burned","Top 2","1","ALDE","7"
"2017/02/13 8:02:35 PM CST","2017-02-13","adam","07","Unburned","Top 2","1","pose","9"
"2017/02/13 8:03:02 PM CST","2017-02-13","adam","07","Unburned","Top 2","1","UK5","1"
"2017/02/13 8:03:32 PM CST","2017-02-13","adam","08","Unburned","Top 2","1","UK5","5"
"2017/02/13 8:03:53 PM CST","2017-02-13","adam","08","Unburned","Top 2","1","UK1","1"
"2017/02/13 8:04:17 PM CST","2017-02-13","adam","01","Unburned","Top 2","1","UK5","9"
"2017/02/13 8:04:57 PM CST","2017-02-13","adam","13","Burned","Top 2","2","brte","1"
"2017/02/13 8:05:21 PM CST","2017-02-13","adam","01","Unburned","Bottom 4","4","UK5","1"
"2017/02/13 8:05:44 PM CST","2017-02-13","adam","13","Burned","Bottom 4","2","pose","2"
"2017/02/13 8:06:08 PM CST","2017-02-13","adam","12","Unburned","Bottom 4","1","alde","1"
"2017/02/13 8:06:35 PM CST","2017-02-13","adam","12","Unburned","Top 2","1","pose","3"
"2017/02/13 8:07:05 PM CST","2017-02-13","adam","12","Unburned","Top 2","1","alde","2"
"2017/02/13 8:07:31 PM CST","2017-02-13","adam","12","Unburned","Top 2","1","uk5","1"
"2017/02/13 8:08:03 PM CST","2017-02-13","adam","12","Unburned","Top 2","2","alde","3"
"2017/02/13 8:08:28 PM CST","2017-02-13","adam","12","Unburned","Top 2","2","uk5","1"
"2017/02/13 8:08:51 PM CST","2017-02-13","adam","12","Unburned","Top 2","2","pose","2"
"2017/02/13 8:09:13 PM CST","2017-02-13","adam","12","Unburned","Top 2","2","uk1","1"
"2017/02/13 8:09:43 PM CST","2017-02-13","adam","07","Unburned","Bottom 4","1","uk5","1"
"2017/02/13 8:10:13 PM CST","2017-02-13","adam","09","Unburned","Top 2","1","pose","2"
"2017/02/13 8:10:38 PM CST","2017-02-13","adam","09","Unburned","Top 2","1","uk5","10"
"2017/02/13 8:11:00 PM CST","2017-02-13","adam","09","Unburned","Top 2","1","unknown forb","1"
"2017/02/13 8:11:22 PM CST","2017-02-13","adam","09","Unburned","Top 2","1","alde","1"
"2017/02/13 8:11:49 PM CST","2017-02-13","adam","08","Unburned","Bottom 4","2","pose","1"
"2017/02/13 8:12:17 PM CST","2017-02-13","adam","08","Unburned","Bottom 4","2","uk1","3"
"2017/02/13 8:12:37 PM CST","2017-02-13","adam","08","Unburned","Bottom 4","2","uk5","5"
"2017/02/13 8:12:59 PM CST","2017-02-13","adam","08","Unburned","Bottom 4","2","alde","2"
"2017/02/13 8:13:22 PM CST","2017-02-13","adam","08","Unburned","Bottom 4","1","pose","1"
"2017/02/13 8:14:24 PM CST","2017-02-13","adam","08","Unburned","Bottom 4","1","alde","3"
"2017/02/13 8:14:47 PM CST","2017-02-13","adam","08","Unburned","Bottom 4","1","uk5","2"
"2017/02/13 8:15:09 PM CST","2017-02-13","adam","08","Unburned","Bottom 4","1","uk6","1"
"2017/02/13 8:15:36 PM CST","2017-02-13","adam","08","Unburned","Bottom 4","3","pose","1"
"2017/02/13 8:16:07 PM CST","2017-02-13","adam","08","Unburned","Bottom 4","3","alde","1"
"2017/02/13 8:16:38 PM CST","2017-02-13","adam","08","Unburned","Bottom 4","3","uk5","4"
"2017/02/13 8:16:57 PM CST","2017-02-13","adam","08","Unburned","Bottom 4","3","uk6","3"
"2017/02/13 8:17:40 PM CST","2017-02-13","adam","09","Unburned","Top 2","2","pose","7"
"2017/02/13 8:18:07 PM CST","2017-02-13","adam","14","Unburned","Bottom 4","3","amin","1"
"2017/02/13 8:18:29 PM CST","2017-02-13","adam","14","Unburned","Bottom 4","3","pose","2"
"2017/02/13 8:18:53 PM CST","2017-02-13","adam","08","Unburned","Top 2","1","pose","8"
"2017/02/13 8:19:27 PM CST","2017-02-13","adam","08","Unburned","Top 2","1","elel","1"
"2017/02/13 8:19:48 PM CST","2017-02-13","adam","08","Unburned","Top 2","1","alde","4"
"2017/02/13 8:20:20 PM CST","2017-02-13","adam","08","Unburned","Top 2","1","uk5","4"
"2017/02/13 8:21:17 PM CST","2017-02-13","adam","08","Unburned","Top 2","1","unknown forb","1"
"2017/02/13 8:21:39 PM CST","2017-02-13","adam","03","Unburned","Bottom 4","3","sial","3"
"2017/02/13 8:22:00 PM CST","2017-02-13","adam","03","Unburned","Top 2","1","sial","2"
"2017/02/13 8:22:20 PM CST","2017-02-13","adam","03","Unburned","Top 2","1","brte","1"
"2017/02/13 8:22:58 PM CST","2017-02-13","adam","01","Unburned","Bottom 4","1","uk5","18"
"2017/02/13 8:23:19 PM CST","2017-02-13","adam","10","Unburned","Top 2","2","pose","23"
"2017/02/13 8:23:38 PM CST","2017-02-13","adam","10","Unburned","Top 2","2","sial","1"
"2017/02/13 8:24:12 PM CST","2017-02-13","adam","13","Unburned","Top 2","2","pose","2"
"2017/02/13 8:24:39 PM CST","2017-02-13","adam","13","Unburned","Top 2","2","uk5","2"
"2017/02/13 8:25:03 PM CST","2017-02-13","adam","13","Unburned","Top 2","2","brte","1"
"2017/02/13 8:25:31 PM CST","2017-02-13","adam","08","Unburned","Top 2","2","alde","3"
"2017/02/13 8:25:55 PM CST","2017-02-13","adam","08","Unburned","Top 2","2","pose","14"
"2017/02/13 8:26:12 PM CST","2017-02-13","adam","03","Unburned","Bottom 4","2","sial","2"
"2017/02/13 8:26:40 PM CST","2017-02-13","adam","03","Unburned","Top 2","2","sial","3"
"2017/02/13 8:27:06 PM CST","2017-02-13","adam","12","Unburned","Bottom 4","2","sial","1"
"2017/02/13 8:27:28 PM CST","2017-02-13","adam","01","Unburned","Top 2","2","uk5","10"
"2017/02/13 8:27:49 PM CST","2017-02-13","adam","01","Unburned","Top 2","2","unknown forb","1"
"2017/02/13 8:28:24 PM CST","2017-02-13","adam","07","Unburned","Top 2","2","pose","19"
"2017/02/13 8:28:58 PM CST","2017-02-13","adam","07","Unburned","Top 2","2","uk5","1"
"2017/02/13 8:29:24 PM CST","2017-02-13","adam","07","Unburned","Top 2","2","uk6","3"
"2017/02/13 8:29:51 PM CST","2017-02-13","adam","09","Unburned","Top 2","2","uk5","10"
"2017/02/13 8:30:10 PM CST","2017-02-13","adam","09","Unburned","Top 2","2","pose","2"
"2017/02/13 8:30:35 PM CST","2017-02-13","adam","11","Unburned","Top 2","1","pose","1"
"2017/02/13 8:30:56 PM CST","2017-02-13","adam","11","Unburned","Top 2","1","uk5","1"
"2017/02/27 11:47:53 AM CST","2017-02-18","adam","12","Unburned","Top 2","2","pose","2"
"2017/02/27 11:48:24 AM CST","2017-02-18","adam","03","Unburned","Bottom 4","3","sial","1"
"2017/02/27 11:48:45 AM CST","2017-02-08","adam","14","Burned","Top 2","1","brte","1"
"2017/02/27 11:49:04 AM CST","2017-02-18","adam","14","Burned","Top 2","1","pose","5"
"2017/02/27 11:49:43 AM CST","2017-02-18","adam","14","Burned","Top 2","1","unk1","4"
"2017/02/27 11:50:06 AM CST","2017-02-18","adam","02","Burned","Top 2","1","sial","1"
"2017/02/27 11:50:32 AM CST","2017-02-18","adam","13","Unburned","Bottom 4","2","unk1","2"
"2017/02/27 11:50:56 AM CST","2017-02-18","adam","13","Unburned","Bottom 4","2","pose","1"
"2017/02/27 11:51:23 AM CST","2017-02-18","adam","08","Unburned","Top 2","1","unk1","1"
"2017/02/27 11:51:54 AM CST","2017-02-18","adam","08","Unburned","Top 2","1","uk5","9"
"2017/02/27 11:52:54 AM CST","2017-02-18","adam","08","Unburned","Top 2","1","alde","2"
"2017/02/27 11:53:17 AM CST","2017-02-18","adam","08","Unburned","Top 2","1","pose","2"
"2017/02/27 11:53:36 AM CST","2017-02-18","adam","08","Unburned","Top 2","2","brte","1"
"2017/02/27 11:54:01 AM CST","2017-02-18","adam","08","Unburned","Top 2","2","pose","5"
"2017/02/27 11:54:30 AM CST","2017-02-18","adam","08","Unburned","Top 2","2","uk5","4"
"2017/02/27 11:55:08 AM CST","2017-02-18","adam","01","Burned","Bottom 4","1","uk5","1"
"2017/02/27 11:55:32 AM CST","2017-02-18","adam","01","Burned","Bottom 4","1","alde","1"
"2017/02/27 11:55:52 AM CST","2017-02-18","adam","01","Burned","Bottom 4","3","alde","1"
"2017/02/27 11:56:18 AM CST","2017-02-18","adam","01","Burned","Bottom 4","3","uk5","1"
"2017/02/27 11:57:20 AM CST","2017-02-18","adam","14","Unburned","Bottom 4","3","pose","1"
"2017/02/27 11:57:46 AM CST","2017-02-18","adam","14","Unburned","Bottom 4","3","uk1","1"
"2017/02/27 11:58:17 AM CST","2017-02-18","adam","07","Unburned","Top 2","2","pose","11"
"2017/02/27 11:58:46 AM CST","2017-02-18","adam","07","Unburned","Top 2","2","uk1","1"
"2017/02/27 2:16:59 PM CST","2017-02-24","adam","06","Burned","Bottom 4","2","uk6","1"
"2017/02/27 2:21:20 PM CST","2017-02-24","adam","01","Unburned","Top 2","1","uk5","5"
"2017/02/27 2:21:47 PM CST","2017-02-24","adam","08","Unburned","Top 2","1","pose","1"
"2017/02/27 2:23:15 PM CST","2017-02-24","adam","13","Unburned","Bottom 4","2","pose","3"
"2017/02/27 2:28:06 PM CST","2017-02-24","adam","08","Burned","Bottom 4","1","uk1","1"
"2017/02/27 2:28:35 PM CST","2017-02-24","adam","08","Burned","Bottom 4","1","uk6","2"
"2017/02/27 2:29:01 PM CST","2017-02-24","adam","13","Burned","Top 2","1","uk1","3"
"2017/02/27 2:29:28 PM CST","2017-02-24","adam","08","Unburned","Top 2","2","alde","3"
"2017/02/27 2:29:54 PM CST","2017-02-24","adam","08","Unburned","Top 2","2","pose","6"
"2017/02/27 2:30:25 PM CST","2017-02-24","adam","08","Unburned","Top 2","2","uk5","2"
"2017/02/27 2:30:52 PM CST","2017-02-24","adam","10","Unburned","Bottom 4","1","pose","1"
"2017/02/27 2:31:25 PM CST","2017-02-24","adam","10","Unburned","Bottom 4","1","uk6","1"
"2017/02/27 2:32:01 PM CST","2017-02-24","adam","10","Burned","Top 2","1","uk6","1"
"2017/02/27 2:33:30 PM CST","2017-02-24","adam","13","Unburned","Top 2","2","pose","6"
"2017/02/27 2:34:33 PM CST","2017-02-24","adam","13","Unburned","Top 2","2","uk1","2"
"2017/02/27 2:34:50 PM CST","2017-02-24","adam","13","Unburned","Top 2","2","uk5","1"
"2017/02/27 2:35:12 PM CST","2017-02-24","adam","13","Unburned","Top 2","2","uk7","2"
"2017/02/27 2:35:33 PM CST","2017-02-24","adam","10","Unburned","Top 2","1","pose","5"
"2017/02/27 2:36:01 PM CST","2017-02-24","adam","10","Unburned","Top 2","1","uk6","1"
"2017/02/27 2:36:22 PM CST","2017-02-24","adam","07","Unburned","Top 2","1","pose","7"
"2017/02/27 2:36:48 PM CST","2017-02-24","adam","07","Unburned","Top 2","1","uk6","2"
"2017/02/27 2:37:14 PM CST","2017-02-24","adam","11","Burned","Top 2","1","pose","1"
"2017/02/27 2:37:39 PM CST","2017-02-24","adam","01","Unburned","Bottom 4","2","brte","1"
"2017/02/27 2:38:06 PM CST","2017-02-24","adam","07","Unburned","Top 2","2","uk6","4"
"2017/02/27 2:38:29 PM CST","2017-02-24","adam","07","Unburned","Top 2","2","pose","6"
"2017/02/27 2:38:55 PM CST","2017-02-24","adam","04","Unburned","Bottom 4","1","pose","1"
"2017/02/27 2:39:31 PM CST","2017-02-24","adam","12","Burned","Bottom 4","2","sial","1"
"2017/02/27 2:40:04 PM CST","2017-02-24","adam","03","Burned","Bottom 4","2","sial","1"
"2017/02/27 2:40:40 PM CST","2017-02-24","adam","02","Unburned","Bottom 4","3","sial","1"
"2017/02/27 2:42:31 PM CST","2017-02-26","adam","09","Burned","Bottom 4","1","uk9","1"
"2017/02/27 2:43:00 PM CST","2017-02-26","adam","08","Burned","Bottom 4","2","uk6","2"
"2017/02/27 2:43:24 PM CST","2017-02-26","adam","12","Unburned","Top 2","2","pose","1"
"2017/02/27 2:43:45 PM CST","2017-02-26","adam","12","Unburned","Top 2","1","pose","1"
"2017/02/27 2:44:12 PM CST","2017-02-26","adam","06","Unburned","Top 2","1","uk6","6"
"2017/02/27 2:44:33 PM CST","2017-02-26","adam","06","Unburned","Top 2","1","uk9","1"
"2017/02/27 2:44:55 PM CST","2017-02-26","adam","05","Burned","Bottom 4","2","uk9","2"
"2017/02/27 2:45:18 PM CST","2017-02-26","adam","10","Unburned","Bottom 4","2","pose","1"
"2017/02/27 2:45:41 PM CST","2017-02-26","adam","13","Burned","Bottom 4","2","uk12","1"
"2017/02/27 2:46:34 PM CST","2017-02-26","adam","11","Unburned","Top 2","1","uk13","2"
"2017/02/27 2:53:40 PM CST","2017-02-26","adam","08","Burned","Top 2","3","uk1","1"
"2017/02/27 2:54:09 PM CST","2017-02-26","adam","09","Burned","Bottom 4","2","uk5","1"
"2017/02/27 2:54:37 PM CST","2017-02-26","adam","11","Unburned","Bottom 4","2","uk6","1"
"2017/02/27 2:55:04 PM CST","2017-02-26","adam","11","Unburned","Bottom 4","2","uk1","2"
"2017/02/27 2:55:31 PM CST","2017-02-26","adam","01","Unburned","Bottom 4","1","uk5","2"
"2017/02/27 2:55:55 PM CST","2017-02-26","adam","01","Unburned","Bottom 4","1","uk7","2"
"2017/02/27 2:56:37 PM CST","2017-02-26","adam","07","Burned","Bottom 4","1","uk6","1"
"2017/02/27 2:57:02 PM CST","2017-02-26","adam","07","Burned","Bottom 4","1","pose","1"
"2017/02/27 2:57:28 PM CST","2017-02-26","adam","06","Unburned","Bottom 4","3","uk6","2"
"2017/02/27 2:57:55 PM CST","2017-02-26","adam","06","Unburned","Bottom 4","3","pose","1"
"2017/02/27 2:58:20 PM CST","2017-02-26","adam","09","Unburned","Top 2","2","uk5","adam"
"2017/02/27 2:58:42 PM CST","2017-02-26","adam","09","Unburned","Top 2","2","uk5","1"
"2017/02/27 2:59:15 PM CST","2017-02-26","adam","13","Burned","Top 2","2","uk1","2"
"2017/02/27 2:59:47 PM CST","2017-02-26","adam","05","Burned","Bottom 4","1","uk9","4"
"2017/02/27 3:00:53 PM CST","2017-02-26","adam","04","Unburned","Bottom 4","2","uk9","3"
"2017/02/27 3:01:16 PM CST","2017-02-26","adam","04","Unburned","Bottom 4","3","uk9","2"
"2017/02/27 3:01:40 PM CST","2017-02-26","adam","03","Unburned","Bottom 4","2","uk9","1"
"2017/02/27 3:02:02 PM CST","2017-02-26","adam","05","Unburned","Bottom 4","1","uk9","5"
"2017/02/27 3:02:26 PM CST","2017-02-26","adam","04","Unburned","Bottom 4","1","uk9","1"
"2017/02/27 3:02:48 PM CST","2017-02-26","adam","07","Burned","Top 2","2","uk6","1"
"2017/02/27 3:03:14 PM CST","2017-02-26","adam","01","Unburned","Top 2","2","uk1","1"
"2017/02/27 3:03:37 PM CST","2017-02-26","adam","01","Unburned","Top 2","2","uk7","2"
"2017/02/27 3:04:12 PM CST","2017-02-26","adam","10","Unburned","Top 2","2","pose","2"
"2017/02/27 3:04:37 PM CST","2017-02-26","adam","10","Unburned","Top 2","2","uk6","1"
"2017/02/27 3:11:37 PM CST","2017-02-26","adam","05","Burned","Bottom 4","2","uk9","1"
"2017/02/27 3:11:59 PM CST","2017-02-26","adam","13","Unburned","Top 2","1","uk1","3"
"2017/02/27 3:12:22 PM CST","2017-02-26","adam","13","Unburned","Top 2","1","pose","1"
"2017/02/27 3:12:51 PM CST","2017-02-26","adam","12","Burned","Top 2","2","pose","2"
"2017/02/27 3:13:17 PM CST","2017-02-26","adam","12","Burned","Top 2","2","alde","1"
"2017/02/27 3:13:40 PM CST","2017-02-26","adam","13","Burned","Bottom 4","1","pose","1"
"2017/02/27 3:14:07 PM CST","2017-02-26","adam","05","Unburned","Bottom 4","2","uk9","3"
"2017/02/27 3:14:30 PM CST","2017-02-26","adam","05","Unburned","Bottom 4","2","brte","1"
"2017/02/27 3:15:45 PM CST","2017-02-26","adam","10","Unburned","Bottom 4","1","uk9","1"
"2017/02/27 3:16:37 PM CST","2017-02-26","adam","06","Burned","Top 2","1","unknown forb","1"
"2017/02/27 3:17:09 PM CST","2017-02-26","adam","06","Burned","Top 2","1","alde","1"
"2017/02/27 3:17:39 PM CST","2017-02-26","adam","08","Unburned","Bottom 4","3","uk5","1"
"2017/02/27 3:18:06 PM CST","2017-02-26","adam","11","Unburned","Top 2","1","pose","1"
"2017/02/27 3:18:31 PM CST","2017-02-26","adam","01","Burned","Bottom 4","2","uk5","2"
"2017/02/27 3:18:51 PM CST","2017-02-26","adam","04","Burned","Bottom 4","2","uk9","2"
"2017/02/27 3:19:16 PM CST","2017-02-26","adam","10","Burned","Top 2","2","uk6","2"
"2017/02/27 3:19:38 PM CST","2017-02-26","adam","10","Burned","Top 2","2","uk9","2"
"2017/02/27 3:36:33 PM CST","2017-02-26","adam","04","Unburned","Bottom 4","3","pose","1"
"2017/02/27 3:37:02 PM CST","2017-02-26","adam","12","Burned","Bottom 4","1","pose","1"
"2017/02/27 3:37:28 PM CST","2017-02-26","adam","14","Unburned","Top 2","1","pose","2"
"2017/02/27 3:37:52 PM CST","2017-02-26","adam","03","Burned","Top 2","2","sial","1"
"2017/02/27 3:43:15 PM CST","2017-02-26","adam","12","Burned","Top 2","1","pose","3"
"2017/02/27 3:45:28 PM CST","2017-02-26","adam","14","Unburned","Bottom 4","2","pose","1"
"2017/02/27 3:45:50 PM CST","2017-02-26","adam","04","Unburned","Bottom 4","2","pose","2"
"2017/02/27 3:46:17 PM CST","2017-02-26","adam","14","Burned","Bottom 4","2","sial","1"
"2017/02/27 3:47:07 PM CST","2017-02-26","adam","04","Burned","Top 2","1","sial","1"
"2017/02/27 3:47:40 PM CST","2017-02-26","adam","03","Unburned","Bottom 4","1","sial","1"
"2017/02/27 3:48:04 PM CST","2017-02-26","adam","02","Unburned","Top 2","1","sial","1"
"2017/02/27 3:48:30 PM CST","2017-02-26","adam","10","Burned","Bottom 4","2","uk6","2"
"2017/02/27 3:48:53 PM CST","2017-02-26","adam","05","Unburned","Top 2","1","brte","1"
"2017/02/27 3:49:13 PM CST","2017-02-26","adam","14","Burned","Top 2","1","sial","4"
"2017/02/27 3:49:36 PM CST","2017-02-26","adam","14","Burned","Top 2","1","uk1","1"
"2017/02/27 3:52:41 PM CST","2017-02-26","adam","13","Unburned","Bottom 4","1","uk1","3"
"2017/02/27 3:53:04 PM CST","2017-02-26","adam","14","Burned","Bottom 4","1","uk1","2"
"2017/02/27 3:53:25 PM CST","2017-02-26","adam","14","Burned","Bottom 4","1","sial","1"
"2017/02/27 3:53:48 PM CST","2017-02-26","adam","01","Burned","Top 2","1","uk5","1"
"2017/02/27 3:54:06 PM CST","2017-02-26","adam","01","Burned","Top 2","1","uk1","1"
"2017/02/27 3:54:26 PM CST","2017-02-26","adam","13","Burned","Bottom 4","2","pose","2"
"2017/02/27 3:54:53 PM CST","2017-02-26","adam","13","Burned","Bottom 4","2","uk1","1"
"2017/02/27 3:55:18 PM CST","2017-02-26","adam","07","Burned","Top 2","1","uk6","1"
"2017/02/27 3:55:40 PM CST","2017-02-26","adam","10","Burned","Bottom 4","1","uk6","3"
"2017/03/01 2:44:00 AM CST","2017-02-04","Hakim Mamash","01","Unburned","Top 2","1","BRTE","2"
"2017/03/01 2:45:03 AM CST","2017-02-04","Hakim","01","Unburned","Top 2","1","pose","1"
"2017/03/01 2:48:22 AM CST","2017-02-04","hakim","06","Unburned","Bottom 4","1","BRTE","1"
"2017/03/01 2:49:06 AM CST","2017-02-04","HAKIM MAMASH","13","Unburned","Top 2","1","POSE","1"
"2017/03/28 11:57:28 AM CST","0017-03-19","adam","06","Burned","Bottom 4","3","Mimulus_sp_1","2"
"2017/03/28 11:57:51 AM CST","2017-03-19","adam","11","Burned","Top 2","1","dral","1"
"2017/03/28 11:58:24 AM CST","2017-03-19","adam","11","Burned","Top 2","1","Mimulus_sp_1","1"
"2017/03/28 11:59:10 AM CST","2017-03-19","adam","14","Unburned","Bottom 4","3","pose","2"
"2017/03/28 12:00:32 PM CST","2017-03-19","adam","13","Unburned","Bottom 4","2","pose","1"
"2017/03/28 12:01:08 PM CST","2017-03-19","adam","08","Burned","Bottom 4","2","migr","1"
"2017/03/28 12:01:56 PM CST","2017-03-19","adam","14","Burned","Top 2","1","pose","1"
"2017/03/28 12:02:30 PM CST","2017-03-19","adam","09","Unburned","Top 2","1","cete","1"
"2017/03/28 12:04:10 PM CST","2017-03-12","adam","03","Unburned","Bottom 4","3","brte","1"
"2017/03/28 12:06:09 PM CST","2017-03-12","adam","10","Unburned","Top 2","2","pose","1"
"2017/03/28 12:06:53 PM CST","2017-03-12","adam","07","Burned","Top 2","1","pose","1"
"2017/03/28 12:07:28 PM CST","2017-03-12","adam","12","Unburned","Bottom 4","1","pose","1"
"2017/03/28 12:08:02 PM CST","2017-03-12","adam","09","Unburned","Top 2","2","uk5","1"
"2017/03/28 12:08:38 PM CST","2017-03-12","adam","14","Burned","Bottom 4","2","sial","1"
"2017/03/28 12:09:02 PM CST","2017-03-12","adam","04","Unburned","Bottom 4","1","uk9","1"
"2017/03/28 12:09:22 PM CST","2017-03-12","adam","04","Unburned","Bottom 4","1","pose","1"
"2017/03/28 12:09:48 PM CST","2017-03-12","adam","13","Burned","Top 2","1","pose","1"
"2017/03/28 12:10:18 PM CST","2017-03-12","adam","04","Unburned","Bottom 4","2","uk9","5"
"2017/03/28 12:10:45 PM CST","2017-03-12","adam","02","Unburned","Top 2","1","sial","1"
"2017/03/28 12:11:05 PM CST","2017-03-12","adam","07","Unburned","Top 2","2","pose","1"
"2017/03/28 12:14:16 PM CST","2017-03-05","adam","12","Unburned","Bottom 4","2","pose","1"
"2017/03/28 12:14:43 PM CST","2017-03-05","adam","02","Unburned","Top 2","1","brte","1"
"2017/03/28 12:16:12 PM CST","2017-03-05","adam","03","Burned","Top 2","2","uk1","2"
"2017/03/28 12:16:43 PM CST","2017-03-05","adam","07","Unburned","Bottom 4","2","uk9","2"
"2017/03/28 12:17:24 PM CST","2017-03-05","adam","01","Unburned","Bottom 4","1","uk5","2"
"2017/03/28 12:17:51 PM CST","2017-03-05","adam","07","Unburned","Top 2","2","uk6","1"
"2017/03/28 12:18:11 PM CST","2017-03-05","adam","07","Unburned","Top 2","2","pose","1"
"2017/03/28 12:18:44 PM CST","2017-03-05","adam","04","Burned","Bottom 4","1","uk9","1"
"2017/03/28 12:19:10 PM CST","2017-03-05","adam","09","Unburned","Top 2","1","uk5","1"
"2017/03/28 12:20:02 PM CST","2017-03-05","adam","10","Unburned","Top 2","1","uk6","1"
"2017/03/28 12:20:26 PM CST","2017-03-05","adam","10","Unburned","Top 2","1","pose","1"
"2017/03/28 12:20:49 PM CST","2017-03-05","adam","11","Unburned","Bottom 4","1","alde","1"
"2017/03/28 12:21:13 PM CST","2017-03-05","adam","08","Unburned","Top 2","2","alde","1"
"2017/03/28 12:21:34 PM CST","2017-03-05","adam","08","Unburned","Top 2","2","uk2","2"
"2017/03/28 12:21:56 PM CST","2017-03-05","adam","09","Unburned","Top 2","2","pose","1"
"2017/03/28 12:22:21 PM CST","2017-03-05","adam","09","Unburned","Top 2","2","uk5","1"
"2017/04/13 12:46:08 PM CDT","2017-04-02","adam","11","Unburned","Bottom 4","2","uk6","1"
"2017/04/13 12:46:37 PM CDT","2017-04-02","adam","11","Burned","Top 2","2","dral","3"
"2017/04/13 12:46:59 PM CDT","2017-04-02","adam","04","Unburned","Top 2","2","uk9","1"
"2017/04/13 12:47:27 PM CDT","2017-04-02","adam","01","Burned","Top 2","1","not_a_mint","1"
"2017/04/13 12:48:00 PM CDT","2017-04-02","adam","11","Unburned","Bottom 4","4","upf1","1"
"2017/04/13 12:48:24 PM CDT","2017-04-02","adam","02","Unburned","Bottom 4","1","uk7","2"
"2017/04/13 12:48:47 PM CDT","2017-04-02","adam","01","Unburned","Bottom 4","1","uk7","1"
"2017/04/13 12:49:41 PM CDT","2017-04-02","adam","11","Unburned","Top 2","2","astragalusy_thing","1"
"2017/04/13 12:50:53 PM CDT","2017-04-02","adam","01","Unburned","Bottom 4","2","silvery_thin","1"
"2017/04/13 12:51:17 PM CDT","2017-04-02","adam","08","Unburned","Bottom 4","4","plantago","1"
"2017/04/13 12:51:49 PM CDT","2017-04-02","adam","06","Burned","Bottom 4","1","alde","3"
"2017/04/13 12:52:09 PM CDT","2017-04-02","adam","09","Unburned","Top 2","2","cete","1"
"2017/04/13 12:52:40 PM CDT","2017-04-02","adam","09","Unburned","Top 2","2","spiny_edge_guy","1"
"2017/04/13 12:53:04 PM CDT","2017-04-02","adam","08","Unburned","Bottom 4","1","alde","1"
"2017/04/13 12:54:43 PM CDT","2017-04-02","adam","08","Unburned","Bottom 4","1","plantago","1"
"2017/04/13 12:55:10 PM CDT","2017-04-02","adam","08","Unburned","Bottom 4","1","linear_glandular","1"
"2017/04/13 12:55:40 PM CDT","2017-04-02","adam","12","Unburned","Top 2","1","pose","1"
"2017/04/13 12:56:28 PM CDT","2017-04-02","adam","13","Burned","Top 2","1","decussant_aster","1"
"2017/04/13 12:56:57 PM CDT","2017-04-02","adam","13","Unburned","Bottom 4","2","decussant_aster","1"
"2017/04/13 12:57:18 PM CDT","2017-04-02","adam","08","Unburned","Top 2","1","alde","2"
"2017/04/13 12:57:41 PM CDT","2017-04-02","adam","13","Unburned","Bottom 4","1","artr","1"
"2017/04/13 12:58:07 PM CDT","2017-04-02","adam","06","Unburned","Bottom 4","1","uk6","1"
"2017/04/13 12:58:29 PM CDT","2017-04-02","adam","08","Unburned","Top 2","2","alde","3"
"2017/04/13 1:00:09 PM CDT","2017-04-02","adam","08","Unburned","Top 2","2","plantago","1"
"2017/04/13 1:00:40 PM CDT","2017-04-02","adam","06","Unburned","Bottom 4","2","linear_smooth","1"